Asset 1,Asset 2
3MINDIA,CONCOR
3MINDIA,GRAPHITE
3MINDIA,GREAVESCOT
3MINDIA,HEG
3MINDIA,HONAUT
AIAENG,KNRCON
AIAENG,NCC
ADANIPORTS,GESHIP
ASHOKA,KEC
ASTRAL,CONCOR
ASTRAL,GREAVESCOT
BEML,BLUESTARCO
BEML,BBTC
BEML,CERA
BEML,ESCORTS
BEML,GODREJIND
BEML,GREAVESCOT
BEML,KSB
BEML,KAJARIACER
BEML,LAXMIMACH
BEML,LT
BEML,SKFINDIA
BEML,SCHAEFFLER
BEML,VOLTAS
BALMLAWRIE,BLUEDART
BALMLAWRIE,BLUESTARCO
BALMLAWRIE,CERA
BALMLAWRIE,ESCORTS
BALMLAWRIE,LAXMIMACH
BALMLAWRIE,ORIENTREF
BALMLAWRIE,VOLTAS
BEL,ENGINERSIN
BHEL,BLUESTARCO
BHEL,CARBORUNIV
BHEL,CERA
BHEL,CONCOR
BHEL,ESCORTS
BHEL,FINCABLES
BHEL,GODREJIND
BHEL,GRAPHITE
BHEL,HEG
BHEL,HAVELLS
BHEL,INGERRAND
BHEL,KAJARIACER
BHEL,LAXMIMACH
BHEL,NBCC
BHEL,NCC
BHEL,PNCINFRA
BHEL,SKFINDIA
BHEL,THERMAX
BHEL,TRITURBINE
BHEL,VOLTAS
BLUEDART,ENGINERSIN
BLUEDART,KNRCON
BLUEDART,NESCO
BLUESTARCO,NCC
BBTC,LAXMIMACH
CARBORUNIV,FINCABLES
CARBORUNIV,LAXMIMACH
CARBORUNIV,NCC
CARBORUNIV,TRITURBINE
CARBORUNIV,VGUARD
CERA,HEG
CERA,INGERRAND
CERA,KALPATPOWR
CERA,LT
CERA,PNCINFRA
CERA,TRITURBINE
CONCOR,GREAVESCOT
CUMMINSIND,CYIENT
CUMMINSIND,NESCO
CUMMINSIND,TIMKEN
CYIENT,ELGIEQUIP
CYIENT,FINPIPE
CYIENT,HEG
CYIENT,KEI
CYIENT,KALPATPOWR
CYIENT,KEC
CYIENT,MMTC
CYIENT,TIMKEN
CYIENT,TRITURBINE
CYIENT,VGUARD
ELGIEQUIP,FINCABLES
ELGIEQUIP,KALPATPOWR
ELGIEQUIP,NCC
ELGIEQUIP,TIMKEN
ELGIEQUIP,TRITURBINE
ELGIEQUIP,VGUARD
ENGINERSIN,KNRCON
ENGINERSIN,MMTC
ESCORTS,LAXMIMACH
FINCABLES,LAXMIMACH
FINCABLES,NCC
FINCABLES,TRITURBINE
FINPIPE,HEG
FINPIPE,INGERRAND
FINPIPE,KALPATPOWR
FINPIPE,TRITURBINE
GEPIL,NESCO
GMRINFRA,GODREJIND
GMRINFRA,GRINDWELL
GMRINFRA,GPPL
GMRINFRA,HAVELLS
GMRINFRA,INGERRAND
GMRINFRA,KSB
GMRINFRA,KAJARIACER
GMRINFRA,NBCC
GMRINFRA,NCC
GMRINFRA,ORIENTREF
GMRINFRA,PNCINFRA
GMRINFRA,SKFINDIA
GMRINFRA,THERMAX
GMRINFRA,TRITURBINE
GMRINFRA,VOLTAS
GODREJIND,NBCC
GRAPHITE,GESHIP
GRAPHITE,GREAVESCOT
GRAPHITE,GRINDWELL
GRAPHITE,GPPL
GRAPHITE,HEG
GRAPHITE,HAVELLS
GRAPHITE,IRB
GRAPHITE,INGERRAND
GRAPHITE,KEI
GRAPHITE,KSB
GRAPHITE,KAJARIACER
GRAPHITE,KALPATPOWR
GRAPHITE,KEC
GRAPHITE,LAXMIMACH
GRAPHITE,MMTC
GRAPHITE,NBCC
GRAPHITE,NCC
GRAPHITE,NESCO
GRAPHITE,ORIENTREF
GRAPHITE,PNCINFRA
GRAPHITE,SKFINDIA
GRAPHITE,SCHAEFFLER
GRAPHITE,SCI
GRAPHITE,SUZLON
GRAPHITE,THERMAX
GRAPHITE,TIMKEN
GRAPHITE,TRITURBINE
GRAPHITE,VOLTAS
GESHIP,KNRCON
GESHIP,LAXMIMACH
GESHIP,ORIENTREF
GREAVESCOT,KSB
GRINDWELL,GPPL
GRINDWELL,HEG
GRINDWELL,HAVELLS
GRINDWELL,IRB
GRINDWELL,KEI
GRINDWELL,KNRCON
GRINDWELL,KSB
GRINDWELL,KAJARIACER
GRINDWELL,KALPATPOWR
GRINDWELL,KEC
GRINDWELL,LAXMIMACH
GRINDWELL,MMTC
GRINDWELL,NBCC
GRINDWELL,NCC
GRINDWELL,NESCO
GRINDWELL,ORIENTREF
GRINDWELL,PNCINFRA
GRINDWELL,SKFINDIA
GRINDWELL,SCHAEFFLER
GRINDWELL,SCI
GRINDWELL,SUZLON
GRINDWELL,THERMAX
GRINDWELL,TIMKEN
GRINDWELL,TRITURBINE
GRINDWELL,VOLTAS
HEG,HAVELLS
HEG,INGERRAND
HEG,KAJARIACER
HEG,KALPATPOWR
HEG,PNCINFRA
HEG,SKFINDIA
HEG,VOLTAS
HAVELLS,KAJARIACER
HAVELLS,PNCINFRA
HAVELLS,VOLTAS
INGERRAND,KEI
INGERRAND,KAJARIACER
INGERRAND,KALPATPOWR
INGERRAND,LAXMIMACH
INGERRAND,NBCC
INGERRAND,NCC
INGERRAND,PNCINFRA
INGERRAND,SKFINDIA
INGERRAND,THERMAX
INGERRAND,TIMKEN
INGERRAND,TRITURBINE
INDIGO,LAXMIMACH
INDIGO,SKFINDIA
KEI,KNRCON
KEI,MMTC
KEI,ORIENTREF
KEI,TIMKEN
KEI,TRITURBINE
KAJARIACER,PNCINFRA
LAXMIMACH,NBCC
LAXMIMACH,VGUARD
MMTC,ORIENTREF
NBCC,NCC
NCC,ORIENTREF
NCC,SKFINDIA
NCC,TRITURBINE
NCC,VOLTAS
NESCO,ORIENTREF
PNCINFRA,SKFINDIA
PNCINFRA,SCHAEFFLER
PNCINFRA,VOLTAS
SKFINDIA,SCHAEFFLER
SCHAEFFLER,VGUARD
SCHNEIDER,TIMKEN
SCHNEIDER,TRITURBINE
SCHNEIDER,VOLTAS
SCI,TIMKEN
SCI,TRITURBINE
SCI,VOLTAS
APLAPOLLO,DCMSHRIRAM
APLAPOLLO,NFL
APLAPOLLO,RCF
AARTIIND,BHARATRAS
AARTIIND,JKPAPER
AARTIIND,NMDC
AARTIIND,NOCIL
AARTIIND,RAIN
AKZOINDIA,ASIANPAINT
AKZOINDIA,BERGEPAINT
AKZOINDIA,JINDALSTEL
AKZOINDIA,PIDILITIND
AKZOINDIA,PRSMJOHNSN
AKZOINDIA,TATASTLBSL
ALKYLAMINE,BERGEPAINT
ALKYLAMINE,CASTROLIND
ALKYLAMINE,DEEPAKNTR
ALKYLAMINE,GRASIM
ALKYLAMINE,HSCL
ALKYLAMINE,JKLAKSHMI
ALKYLAMINE,NFL
ALKYLAMINE,PIIND
ALKYLAMINE,PIDILITIND
ALKYLAMINE,PRSMJOHNSN
ALKYLAMINE,RALLIS
ALKYLAMINE,RCF
ATUL,BASF
ATUL,BALAMINES
ATUL,BAYERCROP
ATUL,DCMSHRIRAM
ATUL,NAVINFLUOR
ATUL,SUPPETRO
ATUL,TATASTLBSL
ATUL,RAMCOCEM
ATUL,UPL
ATUL,VINATIORGA
BASF,BALAMINES
BASF,BAYERCROP
BASF,DCMSHRIRAM
BASF,HEIDELBERG
BASF,NAVINFLUOR
BASF,SUPPETRO
BASF,TATASTLBSL
BASF,RAMCOCEM
BASF,VINATIORGA
BALAMINES,BAYERCROP
BALAMINES,COROMANDEL
BALAMINES,DCMSHRIRAM
BALAMINES,DHANUKA
BALAMINES,GHCL
BALAMINES,NAVINFLUOR
BALAMINES,PIIND
BALAMINES,SHARDACROP
BALAMINES,SAIL
BALAMINES,TATASTLBSL
BALAMINES,VINATIORGA
BAYERCROP,CENTURYTEX
BAYERCROP,COROMANDEL
BAYERCROP,DCMSHRIRAM
BAYERCROP,DHANUKA
BAYERCROP,HEIDELBERG
BAYERCROP,JINDALSTEL
BAYERCROP,NOCIL
BAYERCROP,NFL
BAYERCROP,NAVINFLUOR
BAYERCROP,SUPPETRO
BAYERCROP,TATACHEM
BAYERCROP,TATASTLBSL
BAYERCROP,TATASTEEL
BAYERCROP,RAMCOCEM
BAYERCROP,UPL
BAYERCROP,VINATIORGA
BERGEPAINT,INDIACEM
BERGEPAINT,JKLAKSHMI
BERGEPAINT,JINDALSTEL
BERGEPAINT,KANSAINER
BERGEPAINT,TATASTLBSL
BHARATRAS,HINDZINC
BHARATRAS,NOCIL
BHARATRAS,PIIND
BHARATRAS,POLYPLEX
BHARATRAS,RAIN
BHARATRAS,RATNAMANI
BIRLACORPN,GULFOILLUB
BIRLACORPN,PIIND
BIRLACORPN,PHILIPCARB
BIRLACORPN,TATASTLBSL
CENTURYTEX,NOCIL
CENTURYTEX,TATACHEM
COROMANDEL,DHANUKA
COROMANDEL,NAVINFLUOR
DCMSHRIRAM,HEIDELBERG
DCMSHRIRAM,JSWSTEEL
DCMSHRIRAM,JINDALSTEL
DCMSHRIRAM,NFL
DCMSHRIRAM,NAVINFLUOR
DCMSHRIRAM,RCF
DCMSHRIRAM,SUPPETRO
DCMSHRIRAM,TATASTLBSL
DCMSHRIRAM,RAMCOCEM
DCMSHRIRAM,VINATIORGA
DEEPAKNTR,KANSAINER
DEEPAKNTR,TATASTLBSL
DHANUKA,HINDALCO
DHANUKA,MAHSEAMLES
DHANUKA,NATIONALUM
DHANUKA,NAVINFLUOR
DHANUKA,RATNAMANI
DHANUKA,SAIL
DHANUKA,TATASTEEL
DHANUKA,UPL
DHANUKA,VINATIORGA
GHCL,JINDALSTEL
GHCL,LINDEINDIA
GHCL,NAVINFLUOR
GHCL,PIIND
GHCL,PHILIPCARB
GHCL,TATASTLBSL
GHCL,VINATIORGA
GRASIM,HEIDELBERG
GRASIM,JINDALSTEL
GRASIM,RALLIS
GRASIM,RCF
GRASIM,TATASTLBSL
GUJALKALI,PIIND
GNFC,GSFC
GNFC,HINDALCO
GNFC,NAVINFLUOR
GNFC,PIIND
GNFC,POLYPLEX
GNFC,RATNAMANI
GSFC,JKPAPER
GSFC,MOIL
GSFC,RATNAMANI
GULFOILLUB,JINDALSTEL
GULFOILLUB,NOCIL
GULFOILLUB,PIIND
GULFOILLUB,PHILIPCARB
GULFOILLUB,SRF
GULFOILLUB,SUDARSCHEM
GULFOILLUB,TATASTLBSL
HINDALCO,SAIL
HINDCOPPER,JINDALSTEL
HINDCOPPER,LINDEINDIA
HINDCOPPER,TATASTLBSL
HINDCOPPER,VINATIORGA
HINDZINC,NMDC
HINDZINC,RAIN
INDIACEM,JINDALSTEL
INDIACEM,KANSAINER
INDIACEM,TATASTLBSL
JKCEMENT,SRF
JKCEMENT,TATASTLBSL
JKLAKSHMI,JINDALSTEL
JKLAKSHMI,KANSAINER
JKPAPER,MOIL
JKPAPER,POLYPLEX
JSWSTEEL,TATACHEM
JSWSTEEL,VINATIORGA
JINDALSAW,LINDEINDIA
JINDALSAW,PIIND
JINDALSAW,POLYPLEX
JINDALSAW,TATASTLBSL
JINDALSTEL,KANSAINER
JINDALSTEL,LINDEINDIA
JINDALSTEL,MAHSEAMLES
JINDALSTEL,NOCIL
JINDALSTEL,NAVINFLUOR
JINDALSTEL,PIIND
JINDALSTEL,PIDILITIND
JINDALSTEL,PRSMJOHNSN
JINDALSTEL,RALLIS
JINDALSTEL,SRF
JINDALSTEL,SHARDACROP
JINDALSTEL,TATACHEM
JINDALSTEL,TATASTEEL
JINDALSTEL,UPL
JINDALSTEL,VEDL
JINDALSTEL,VINATIORGA
KANSAINER,LINDEINDIA
KANSAINER,SRF
KANSAINER,TATACHEM
KANSAINER,TATASTLBSL
LINDEINDIA,PIIND
LINDEINDIA,PHILIPCARB
MOIL,NATIONALUM
MAHSEAMLES,NFL
MAHSEAMLES,RCF
NMDC,RATNAMANI
NOCIL,PIIND
NOCIL,PHILIPCARB
NATIONALUM,RESPONIND
NFL,RALLIS
NFL,RCF
NFL,SHARDACROP
NAVINFLUOR,PIIND
NAVINFLUOR,SHARDACROP
NAVINFLUOR,UPL
NAVINFLUOR,VINATIORGA
PIIND,PHILIPCARB
PIIND,SAIL
PIIND,SUDARSCHEM
PIIND,TATASTLBSL
PIIND,VINATIORGA
PHILIPCARB,TATASTLBSL
PHILIPCARB,VINATIORGA
POLYPLEX,RATNAMANI
PRSMJOHNSN,RALLIS
RAIN,RATNAMANI
RCF,SHARDACROP
RCF,TATASTLBSL
RCF,UPL
RCF,VINATIORGA
RESPONIND,SHARDACROP
RESPONIND,TATASTEEL
RESPONIND,UPL
RESPONIND,VEDL
SOLARINDS,SAIL
SOLARINDS,TATACHEM
SOLARINDS,TATASTLBSL
SOLARINDS,TATASTEEL
SOLARINDS,UPL
SOLARINDS,VEDL
SOLARINDS,VINATIORGA
SAIL,TATASTEEL
SAIL,VEDL
SAIL,VINATIORGA
SUPPETRO,RAMCOCEM
SUPPETRO,UPL
TATACHEM,TATASTLBSL
TATASTLBSL,TATASTEEL
TATASTLBSL,UPL
TATASTLBSL,VEDL
TATASTLBSL,VINATIORGA
UPL,VINATIORGA
AARTIDRUGS,CAPLIPOINT
AARTIDRUGS,DCAL
AARTIDRUGS,FDC
AARTIDRUGS,SYNGENE
ABBOTINDIA,AJANTPHARM
ABBOTINDIA,ALKEM
ABBOTINDIA,CAPLIPOINT
ABBOTINDIA,DIVISLAB
ABBOTINDIA,DRREDDY
ABBOTINDIA,GLAXO
ABBOTINDIA,GLENMARK
ABBOTINDIA,NATCOPHARM
ABBOTINDIA,SANOFI
ABBOTINDIA,TORNTPHARM
ABBOTINDIA,WOCKPHARMA
AJANTPHARM,CADILAHC
ALEMBICLTD,APLLTD
ALEMBICLTD,ALKEM
ALEMBICLTD,APOLLOHOSP
ALEMBICLTD,ASTRAZEN
ALEMBICLTD,AUROPHARMA
ALEMBICLTD,BIOCON
ALEMBICLTD,CADILAHC
ALEMBICLTD,CAPLIPOINT
ALEMBICLTD,DIVISLAB
ALEMBICLTD,LALPATHLAB
ALEMBICLTD,DRREDDY
ALEMBICLTD,FORTIS
ALEMBICLTD,INDOCO
ALEMBICLTD,JBCHEPHARM
ALEMBICLTD,LUPIN
ALEMBICLTD,NATCOPHARM
ALEMBICLTD,POLYMED
ALEMBICLTD,SANOFI
ALEMBICLTD,SHILPAMED
ALEMBICLTD,SPARC
ALEMBICLTD,SUNPHARMA
ALEMBICLTD,SYNGENE
ALEMBICLTD,TORNTPHARM
APLLTD,BLISSGVS
APLLTD,CIPLA
APLLTD,GLAXO
APLLTD,JBCHEPHARM
ALKEM,FDC
ALKEM,JBCHEPHARM
APOLLOHOSP,CAPLIPOINT
APOLLOHOSP,FDC
APOLLOHOSP,GLENMARK
APOLLOHOSP,PGHL
APOLLOHOSP,SHILPAMED
APOLLOHOSP,SUNPHARMA
APOLLOHOSP,SYNGENE
ASTRAZEN,BIOCON
ASTRAZEN,CAPLIPOINT
ASTRAZEN,FDC
ASTRAZEN,SHILPAMED
ASTRAZEN,SYNGENE
AUROPHARMA,TORNTPHARM
BIOCON,GLENMARK
BLISSGVS,CIPLA
CAPLIPOINT,SYNGENE
DCAL,FDC
LALPATHLAB,FDC
LALPATHLAB,GLENMARK
DRREDDY,FDC
DRREDDY,FORTIS
DRREDDY,GLENMARK
DRREDDY,GRANULES
DRREDDY,IOLCP
DRREDDY,INDOCO
DRREDDY,IPCALAB
DRREDDY,JBCHEPHARM
DRREDDY,LUPIN
DRREDDY,NATCOPHARM
DRREDDY,POLYMED
DRREDDY,SANOFI
DRREDDY,SHILPAMED
DRREDDY,STAR
DRREDDY,SPARC
DRREDDY,SUNPHARMA
DRREDDY,SYNGENE
DRREDDY,TORNTPHARM
FDC,JBCHEPHARM
FDC,SYNGENE
FORTIS,GLENMARK
FORTIS,GRANULES
FORTIS,INDOCO
FORTIS,JBCHEPHARM
FORTIS,LUPIN
FORTIS,NATCOPHARM
FORTIS,POLYMED
FORTIS,SANOFI
FORTIS,SHILPAMED
FORTIS,STAR
FORTIS,SPARC
FORTIS,SUNPHARMA
FORTIS,SYNGENE
FORTIS,TORNTPHARM
GLENMARK,JBCHEPHARM
GLENMARK,LUPIN
GLENMARK,SHILPAMED
GLENMARK,SUNPHARMA
GLENMARK,SYNGENE
SANOFI,SHILPAMED
SANOFI,STAR
SANOFI,SPARC
SANOFI,SUNPHARMA
SANOFI,SYNGENE
SANOFI,TORNTPHARM
STAR,SPARC
STAR,SUNPHARMA
STAR,SYNGENE
STAR,TORNTPHARM
BPCL,HINDPETRO
BPCL,PETRONET
MRPL,OIL
MRPL,PETRONET
ONGC,PETRONET
NHPC,TORNTPOWER
NLCINDIA,NTPC
NLCINDIA,POWERGRID
NLCINDIA,TORNTPOWER
NTPC,TORNTPOWER
SJVN,TATAPOWER
SJVN,TORNTPOWER
ABFRL,AMARAJABAT
ABFRL,APOLLOTYRE
ABFRL,ASAHIINDIA
ABFRL,ASHOKLEY
ABFRL,BAJAJ-AUTO
ABFRL,BALKRISIND
ABFRL,BHARATFORG
ABFRL,CEATLTD
ABFRL,CENTURYPLY
ABFRL,DELTACORP
ABFRL,EICHERMOT
ABFRL,EXIDEIND
ABFRL,GARFIBRES
ABFRL,HEROMOTOCO
ABFRL,HUHTAMAKI
ABFRL,ICIL
ABFRL,JKTYRE
ABFRL,JTEKTINDIA
ABFRL,KPRMILL
ABFRL,LAOPALA
ABFRL,LUXIND
ABFRL,MAHSCOOTER
ABFRL,MAHINDCIE
ABFRL,MHRIL
ABFRL,MARUTI
ABFRL,MINDAIND
ABFRL,MOTHERSUMI
ABFRL,NILKAMAL
ABFRL,PAGEIND
ABFRL,RAYMOND
ABFRL,RELAXO
ABFRL,SHOPERSTOP
ABFRL,SUNCLAYLTD
ABFRL,SUNDRMFAST
ABFRL,SUPRAJIT
ABFRL,SUPREMEIND
ABFRL,SYMPHONY
ABFRL,TTKPRESTIG
ABFRL,TVSMOTOR
ABFRL,TATAMTRDVR
ABFRL,TATAMOTORS
ABFRL,TRENT
ABFRL,UFLEX
ABFRL,VMART
ABFRL,VIPIND
ABFRL,VTL
ABFRL,WABCOINDIA
ABFRL,WELSPUNIND
ALOKINDS,AMARAJABAT
ALOKINDS,BALKRISIND
ALOKINDS,CENTURYPLY
ALOKINDS,DELTACORP
ALOKINDS,EXIDEIND
ALOKINDS,GARFIBRES
ALOKINDS,HEROMOTOCO
ALOKINDS,HUHTAMAKI
ALOKINDS,ICIL
ALOKINDS,JKTYRE
ALOKINDS,JTEKTINDIA
ALOKINDS,JAMNAAUTO
ALOKINDS,KPRMILL
ALOKINDS,LUXIND
ALOKINDS,MAHSCOOTER
ALOKINDS,MHRIL
ALOKINDS,MARUTI
ALOKINDS,MINDAIND
ALOKINDS,MOTHERSUMI
ALOKINDS,NILKAMAL
ALOKINDS,PAGEIND
ALOKINDS,RAYMOND
ALOKINDS,SUNCLAYLTD
ALOKINDS,SUNDRMFAST
ALOKINDS,SUPREMEIND
ALOKINDS,SYMPHONY
ALOKINDS,TTKPRESTIG
ALOKINDS,TVSMOTOR
ALOKINDS,TATAMTRDVR
ALOKINDS,TATAMOTORS
ALOKINDS,TRENT
ALOKINDS,UFLEX
ALOKINDS,VIPIND
ALOKINDS,VTL
AMARAJABAT,DELTACORP
APOLLOTYRE,EICHERMOT
APOLLOTYRE,JTEKTINDIA
ASAHIINDIA,DELTACORP
ASAHIINDIA,EICHERMOT
ASAHIINDIA,JKTYRE
ASAHIINDIA,JTEKTINDIA
ASAHIINDIA,JAMNAAUTO
ASAHIINDIA,MHRIL
ASAHIINDIA,MARUTI
ASAHIINDIA,MOTHERSUMI
ASAHIINDIA,TRENT
BAJAJ-AUTO,JAMNAAUTO
BAJAJ-AUTO,MHRIL
BAJAJ-AUTO,MOTHERSUMI
BAJAJ-AUTO,TATAMTRDVR
BAJAJ-AUTO,TATAMOTORS
BALKRISIND,SUNCLAYLTD
BALKRISIND,TTKPRESTIG
BHARATFORG,WELSPUNIND
CENTURYPLY,MHRIL
DELTACORP,JKTYRE
DELTACORP,JTEKTINDIA
DELTACORP,MHRIL
EIHOTEL,GARFIBRES
EIHOTEL,HUHTAMAKI
EIHOTEL,LAOPALA
EIHOTEL,LUXIND
EIHOTEL,MINDACORP
EIHOTEL,RELAXO
EIHOTEL,SHOPERSTOP
EIHOTEL,SUNCLAYLTD
EIHOTEL,TTKPRESTIG
EIHOTEL,TVSMOTOR
EIHOTEL,WABCOINDIA
EICHERMOT,ICIL
EXIDEIND,KPRMILL
EXIDEIND,MOTHERSUMI
EXIDEIND,SUPRAJIT
EXIDEIND,TATAMOTORS
HEROMOTOCO,MHRIL
HEROMOTOCO,TATAMTRDVR
HEROMOTOCO,TATAMOTORS
ICIL,JKTYRE
ICIL,MAHSCOOTER
ICIL,MARUTI
ICIL,MINDAIND
ICIL,SUNCLAYLTD
ICIL,SUNDRMFAST
ICIL,TTKPRESTIG
ICIL,UFLEX
ICIL,VTL
JTEKTINDIA,MARUTI
JTEKTINDIA,TRENT
JAMNAAUTO,MHRIL
JAMNAAUTO,TATAMTRDVR
JUBLFOOD,LAOPALA
JUBLFOOD,SHOPERSTOP
JUBLFOOD,SUNCLAYLTD
JUBLFOOD,TTKPRESTIG
KPRMILL,MOTHERSUMI
LUXIND,SWANENERGY
LUXIND,TVSMOTOR
LUXIND,TRIDENT
MAHSCOOTER,MINDAIND
MAHSCOOTER,SUNCLAYLTD
MAHSCOOTER,SUNDRMFAST
MAHSCOOTER,TTKPRESTIG
MAHSCOOTER,TRENT
MAHSCOOTER,UFLEX
MAHSCOOTER,VIPIND
MAHSCOOTER,VTL
M&M,TITAN
MAHINDCIE,MHRIL
MAHINDCIE,MARUTI
MAHINDCIE,MINDACORP
MAHINDCIE,MINDAIND
MAHINDCIE,MOTHERSUMI
MAHINDCIE,NILKAMAL
MAHINDCIE,PAGEIND
MAHINDCIE,RAYMOND
MAHINDCIE,RELAXO
MAHINDCIE,SHOPERSTOP
MAHINDCIE,SUNCLAYLTD
MAHINDCIE,SUNDRMFAST
MAHINDCIE,SUPRAJIT
MAHINDCIE,SUPREMEIND
MAHINDCIE,SYMPHONY
MAHINDCIE,TTKPRESTIG
MAHINDCIE,TVSMOTOR
MAHINDCIE,TATAMTRDVR
MAHINDCIE,TATAMOTORS
MAHINDCIE,TRENT
MAHINDCIE,UFLEX
MAHINDCIE,VMART
MAHINDCIE,VIPIND
MAHINDCIE,VTL
MAHINDCIE,WABCOINDIA
MAHINDCIE,WELSPUNIND
MHRIL,PAGEIND
MHRIL,TATAMTRDVR
MHRIL,TATAMOTORS
MHRIL,VIPIND
MINDAIND,TTKPRESTIG
MOTHERSUMI,SUPRAJIT
MOTHERSUMI,TATAMOTORS
MOTHERSUMI,TRENT
MOTHERSUMI,UFLEX
MOTHERSUMI,VTL
NILKAMAL,RAYMOND
NILKAMAL,SUNCLAYLTD
NILKAMAL,SUNDRMFAST
NILKAMAL,SUPRAJIT
NILKAMAL,TTKPRESTIG
NILKAMAL,TVSMOTOR
NILKAMAL,TRENT
NILKAMAL,UFLEX
NILKAMAL,VTL
PAGEIND,TATAMTRDVR
PAGEIND,VIPIND
SUNCLAYLTD,TTKPRESTIG
SYMPHONY,TRIDENT
SYMPHONY,VIPIND
SYMPHONY,VAIBHAVGBL
TTKPRESTIG,TVSMOTOR
TVSMOTOR,TRIDENT
TATAMTRDVR,VIPIND
TRIDENT,VIPIND
TRIDENT,VTL
VAIBHAVGBL,VTL
VAIBHAVGBL,WABCOINDIA
VAIBHAVGBL,WELSPUNIND
AVANTIFEED,ITC
AVANTIFEED,NESTLEIND
BAJAJCON,MCDOWELL-N
BALRAMCHIN,CCL
BALRAMCHIN,DABUR
BALRAMCHIN,EIDPARRY
BALRAMCHIN,HATSUN
CCL,EIDPARRY
CCL,ITC
COLPAL,ITC
COLPAL,MARICO
COLPAL,TATACOFFEE
COLPAL,VSTIND
COLPAL,ZYDUSWELL
EIDPARRY,HATSUN
EMAMILTD,TATACONSUM
FCONSUMER,GILLETTE
FCONSUMER,GODFRYPHLP
FCONSUMER,GODREJCP
FCONSUMER,GAEL
FCONSUMER,HATSUN
FCONSUMER,HINDUNILVR
FCONSUMER,ITC
FCONSUMER,JYOTHYLAB
FCONSUMER,KRBL
FCONSUMER,KSCL
FCONSUMER,MARICO
FCONSUMER,NESTLEIND
FCONSUMER,PGHH
FCONSUMER,RADICO
FCONSUMER,TATACOFFEE
FCONSUMER,TATACONSUM
FCONSUMER,UBL
FCONSUMER,MCDOWELL-N
FCONSUMER,VSTIND
FCONSUMER,VENKEYS
FCONSUMER,ZYDUSWELL
GODREJCP,ITC
GODREJCP,NESTLEIND
GAEL,HATSUN
GAEL,ZYDUSWELL
HATSUN,ZYDUSWELL
HINDUNILVR,MARICO
ITC,MARICO
ITC,NESTLEIND
NESTLEIND,TATACONSUM
BAJFINANCE,HDFC
BAJFINANCE,SHRIRAMCIT
BAJAJFINSV,BANKINDIA
BAJAJFINSV,CANBK
BAJAJFINSV,CHOLAHLDNG
BAJAJFINSV,INDIANB
BAJAJFINSV,JMFINANCIL
BAJAJFINSV,LICHSGFIN
BAJAJFINSV,MOTILALOFS
BAJAJFINSV,PNB
BAJAJFINSV,RECLTD
BAJAJFINSV,SBIN
BAJAJHLDNG,CANBK
BAJAJHLDNG,CHOLAHLDNG
BAJAJHLDNG,FEDERALBNK
BAJAJHLDNG,IIFL
BAJAJHLDNG,JMFINANCIL
BAJAJHLDNG,MOTILALOFS
BAJAJHLDNG,PNB
BANKBARODA,CANFINHOME
BANKBARODA,CHOLAHLDNG
BANKBARODA,CUB
BANKBARODA,DCBBANK
BANKBARODA,EDELWEISS
BANKBARODA,FEDERALBNK
BANKBARODA,HDFCBANK
BANKBARODA,HDFC
BANKBARODA,ICICIBANK
BANKBARODA,IDBI
BANKBARODA,IDFC
BANKBARODA,IIFL
BANKBARODA,INDUSINDBK
BANKBARODA,KOTAKBANK
BANKBARODA,L&TFH
BANKBARODA,LICHSGFIN
BANKBARODA,M&MFIN
BANKBARODA,MOTILALOFS
BANKBARODA,PFC
BANKBARODA,SHRIRAMCIT
BANKBARODA,TATAINVEST
BANKINDIA,CANBK
BANKINDIA,CHOLAHLDNG
BANKINDIA,IIFL
BANKINDIA,INDIANB
BANKINDIA,LICHSGFIN
BANKINDIA,MFSL
BANKINDIA,MOTILALOFS
BANKINDIA,PFC
BANKINDIA,PNB
MAHABANK,UCOBANK
CRISIL,IDFC
CANFINHOME,CANBK
CANFINHOME,FEDERALBNK
CANFINHOME,INDIANB
CANFINHOME,LICHSGFIN
CANFINHOME,SBIN
CANBK,CHOLAHLDNG
CANBK,FEDERALBNK
CANBK,JMFINANCIL
CGCL,IDFCFIRSTB
CHOLAHLDNG,CUB
CHOLAHLDNG,FEDERALBNK
CHOLAHLDNG,ICICIBANK
CHOLAHLDNG,IDFC
CHOLAHLDNG,IIFL
CHOLAHLDNG,JMFINANCIL
CHOLAHLDNG,LICHSGFIN
CHOLAHLDNG,MFSL
CHOLAHLDNG,MOTILALOFS
CHOLAHLDNG,PNB
CHOLAHLDNG,RECLTD
CHOLAHLDNG,SBIN
CHOLAFIN,HDFCBANK
CHOLAFIN,HDFC
CHOLAFIN,INDUSINDBK
CHOLAFIN,KOTAKBANK
CHOLAFIN,MUTHOOTFIN
CHOLAFIN,YESBANK
CUB,FEDERALBNK
CUB,ICICIBANK
CUB,IIFL
CUB,JMFINANCIL
CUB,MOTILALOFS
CUB,SBIN
DCBBANK,EDELWEISS
DCBBANK,HDFCBANK
DCBBANK,ICICIBANK
DCBBANK,IDFC
DCBBANK,IIFL
DCBBANK,L&TFH
DCBBANK,MANAPPURAM
DCBBANK,SHRIRAMCIT
DCBBANK,SBIN
EDELWEISS,ICICIBANK
EDELWEISS,IDFC
EDELWEISS,IIFL
EDELWEISS,JMFINANCIL
EDELWEISS,LICHSGFIN
EDELWEISS,MUTHOOTFIN
EDELWEISS,SHRIRAMCIT
EDELWEISS,SBIN
FEDERALBNK,IIFL
FEDERALBNK,JMFINANCIL
HDFCBANK,HDFC
HDFCBANK,IDBI
HDFCBANK,INDUSINDBK
HDFCBANK,KOTAKBANK
HDFC,KOTAKBANK
HDFC,MANAPPURAM
HDFC,MUTHOOTFIN
ICICIBANK,IDBI
ICICIBANK,IDFC
ICICIBANK,IIFL
ICICIBANK,INDIANB
ICICIBANK,INDUSINDBK
ICICIBANK,JMFINANCIL
ICICIBANK,KOTAKBANK
ICICIBANK,L&TFH
ICICIBANK,LICHSGFIN
ICICIBANK,MFSL
ICICIBANK,MOTILALOFS
ICICIBANK,PFC
ICICIBANK,SHRIRAMCIT
ICICIBANK,SBIN
IDBI,IDFC
IDBI,IIFL
IDBI,IBULHSGFIN
IDBI,INDIANB
IDBI,INDUSINDBK
IDBI,JMFINANCIL
IDBI,KOTAKBANK
IDBI,L&TFH
IDBI,LICHSGFIN
IDBI,M&MFIN
IDBI,MFSL
IDBI,MOTILALOFS
IDBI,MCX
IDBI,PFC
IDBI,PNB
IDBI,SHRIRAMCIT
IDBI,SBIN
IDFC,JMFINANCIL
IDFC,SHRIRAMCIT
IIFL,JMFINANCIL
IIFL,L&TFH
IIFL,LICHSGFIN
IIFL,PNB
INDIANB,JMFINANCIL
INDIANB,MOTILALOFS
INDIANB,PFC
INDIANB,SBIN
INDUSINDBK,KOTAKBANK
JMFINANCIL,MOTILALOFS
JMFINANCIL,PFC
JMFINANCIL,PNB
JMFINANCIL,SBIN
KOTAKBANK,MANAPPURAM
L&TFH,SBIN
LICHSGFIN,MFSL
LICHSGFIN,MOTILALOFS
LICHSGFIN,PFC
LICHSGFIN,SBIN
MANAPPURAM,MFSL
MANAPPURAM,MUTHOOTFIN
MFSL,MUTHOOTFIN
MFSL,SBIN
MOTILALOFS,PNB
MOTILALOFS,SBIN
MUTHOOTFIN,SHRIRAMCIT
MUTHOOTFIN,YESBANK
SRTRANSFIN,SUNDARMFIN
DISHTV,INOXLEISUR
DISHTV,PVR
DISHTV,ZEEL
NAUKRI,JUSTDIAL
NAUKRI,PVR
NAUKRI,SUNTV
NAUKRI,TATACOMM
NAUKRI,IDEA
INOXLEISUR,ZEEL
JUSTDIAL,SUNTV
JUSTDIAL,TATACOMM
NETWORK18,TATACOMM
SUNTV,IDEA
TV18BRDCST,ZEEL
FSL,MPHASIS
FSL,PERSISTENT
FSL,REDINGTON
FSL,TECHM
HCLTECH,TCS
HCLTECH,TECHM
HFCL,ITI
HFCL,INFY
HFCL,OFSS
HFCL,VAKRANGEE
HFCL,WIPRO
IFBIND,INFY
IFBIND,WIPRO
INTELLECT,OFSS
INTELLECT,REDINGTON
INTELLECT,WIPRO
JCHAC,WHIRLPOOL
MINDTREE,TATAELXSI
MINDTREE,WHIRLPOOL
OFSS,VAKRANGEE
SONATSOFTW,TANLA
TATAELXSI,WHIRLPOOL
ZENSARTECH,ECLERX
BRIGADE,GODREJPROP
BRIGADE,OBEROIRLTY
BRIGADE,PHOENIXLTD
DLF,GODREJPROP
PRESTIGE,SOBHA
PRESTIGE,SUNTECK
